-- Adminer 4.1.1-dev MySQL dump

SET NAMES utf8mb4;
SET time_zone = '+00:00';
SET foreign_key_checks = 0;
SET sql_mode = 'NO_AUTO_VALUE_ON_ZERO';

CREATE DATABASE `sign` /*!40100 DEFAULT CHARACTER SET utf8 */;
USE `sign`;

DROP TABLE IF EXISTS `cache`;
CREATE TABLE `cache` (
  `k` varchar(32) NOT NULL,
  `v` text NOT NULL,
  PRIMARY KEY (`k`)
) ENGINE=MyISAM DEFAULT CHARSET=utf8;

INSERT INTO `cache` (`k`, `v`) VALUES
('user_setting_1',	'a:5:{s:3:\"uid\";s:1:\"1\";s:10:\"error_mail\";s:1:\"1\";s:9:\"send_mail\";s:1:\"0\";s:10:\"wenku_sign\";s:1:\"1\";s:11:\"zhidao_sign\";s:1:\"1\";}'),
('user_setting_2',	'a:5:{s:3:\"uid\";s:1:\"2\";s:10:\"error_mail\";s:1:\"1\";s:9:\"send_mail\";s:1:\"0\";s:10:\"wenku_sign\";s:1:\"1\";s:11:\"zhidao_sign\";s:1:\"1\";}'),
('user_setting_3',	'a:5:{s:3:\"uid\";s:1:\"3\";s:10:\"error_mail\";s:1:\"1\";s:9:\"send_mail\";s:1:\"0\";s:10:\"wenku_sign\";s:1:\"0\";s:11:\"zhidao_sign\";s:1:\"0\";}'),
('user_setting_4',	'a:5:{s:3:\"uid\";s:1:\"4\";s:10:\"error_mail\";s:1:\"1\";s:9:\"send_mail\";s:1:\"0\";s:10:\"wenku_sign\";s:1:\"0\";s:11:\"zhidao_sign\";s:1:\"0\";}'),
('plugins',	'a:5:{i:4;a:2:{s:2:\"id\";s:13:\"ixlab_adminer\";s:3:\"ver\";s:3:\"1.0\";}i:8;a:2:{s:2:\"id\";s:8:\"xxx_post\";s:3:\"ver\";s:5:\"0.3.5\";}i:6;a:2:{s:2:\"id\";s:10:\"zw_blockid\";s:3:\"ver\";s:5:\"1.2.9\";}i:7;a:2:{s:2:\"id\";s:11:\"guess_crack\";s:3:\"ver\";s:1:\"0\";}i:11;a:2:{s:2:\"id\";s:13:\"zw_client_api\";s:3:\"ver\";s:5:\"1.0.0\";}}'),
('user_setting_5',	'a:5:{s:3:\"uid\";s:1:\"5\";s:10:\"error_mail\";s:1:\"1\";s:9:\"send_mail\";s:1:\"0\";s:10:\"wenku_sign\";s:1:\"1\";s:11:\"zhidao_sign\";s:1:\"1\";}'),
('setting',	'a:28:{s:14:\"block_register\";s:1:\"1\";s:11:\"jquery_mode\";s:1:\"2\";s:9:\"admin_uid\";s:1:\"1\";s:7:\"SYS_KEY\";s:32:\"P8PrtEtTjIOKr1tI2BeT89BtE8DDGIp9\";s:5:\"cloud\";s:87:\"6345ojKIVz6nhQ8uf7VKsP6v8GCgBA7BhT0r7n6u0MwgKSr6biOid/2T/ExeJe0okBKpLzSGPWiTlDY7c0czXeM\";s:11:\"new_version\";s:1:\"0\";s:14:\"guesscrack-run\";s:1:\"1\";s:10:\"mail_class\";s:7:\"phpmail\";s:22:\"_mail_smtp_smtp_server\";s:16:\"smtp.hilaolu.com\";s:18:\"_mail_phpmail_from\";s:37:\"system@sign-hilaolustudio.rhcloud.com\";s:10:\"mail_queue\";s:1:\"0\";s:18:\"_mail_smtp_address\";s:18:\"System@hilaolu.com\";s:20:\"_mail_smtp_smtp_name\";s:18:\"System@hilaolu.com\";s:20:\"_mail_smtp_smtp_pass\";s:10:\"Mayun.2016\";s:9:\"next_cron\";s:10:\"1483195212\";s:11:\"extsign_uid\";s:0:\"\";s:14:\"autoupdate_uid\";s:1:\"0\";s:11:\"random_sign\";s:1:\"0\";s:12:\"multi_thread\";s:1:\"0\";s:14:\"account_switch\";s:1:\"1\";s:14:\"register_limit\";s:1:\"0\";s:14:\"register_check\";s:1:\"0\";s:10:\"autoupdate\";s:1:\"1\";s:11:\"invite_code\";s:0:\"\";s:8:\"beian_no\";s:0:\"\";s:9:\"max_tieba\";s:1:\"0\";s:11:\"extra_title\";s:0:\"\";s:8:\"template\";s:7:\"default\";}'),
('plugin',	'a:1:{s:8:\"xxx_post\";a:4:{s:4:\"sxbk\";s:1:\"0\";s:2:\"se\";s:2:\"21\";s:9:\"first_end\";s:2:\"15\";s:11:\"max_runtime\";s:2:\"10\";}}');

DROP TABLE IF EXISTS `cron`;
CREATE TABLE `cron` (
  `id` varchar(64) NOT NULL,
  `enabled` tinyint(1) NOT NULL,
  `nextrun` int(10) unsigned NOT NULL,
  `order` tinyint(4) NOT NULL,
  PRIMARY KEY (`id`)
) ENGINE=MyISAM DEFAULT CHARSET=utf8;

INSERT INTO `cron` (`id`, `enabled`, `nextrun`, `order`) VALUES
('daily',	1,	1483200000,	0),
('ext_sign',	1,	1483201800,	50),
('mail',	1,	1483221600,	100),
('sign',	1,	1483195212,	20),
('xxx_post/c_sxbk',	0,	1483205400,	103),
('update_tieba',	1,	1483200000,	10),
('xxx_post/c_se',	0,	1483203600,	102),
('xxx_post/c_first',	0,	1483203600,	101),
('zw_blockid/daily',	0,	1483201800,	101),
('zw_blockid/blockid',	0,	1483201800,	102),
('zw_blockid/mail',	0,	1483201800,	103),
('xxx_post/c_daily',	0,	1483200600,	100);

DROP TABLE IF EXISTS `download`;
CREATE TABLE `download` (
  `path` varchar(128) NOT NULL,
  `content` text NOT NULL,
  PRIMARY KEY (`path`)
) ENGINE=MyISAM DEFAULT CHARSET=utf8;


DROP TABLE IF EXISTS `guesscrack`;
CREATE TABLE `guesscrack` (
  `v` text NOT NULL
) ENGINE=InnoDB DEFAULT CHARSET=utf8;

INSERT INTO `guesscrack` (`v`) VALUES
('黄蓉的丈夫:c,千千阙歌原唱:c,李天一是谁的儿子:c,鬼吹灯作者:c,威廉王子的母亲:d,不是因为寂寞才想你原唱:b,徐峥老婆:b,唐悠悠扮演者:b,诸葛亮的老婆:b,非诚勿扰主持人:b,范玮琪老公:d,死了都要爱原唱:b,在希望的田野上原唱是谁:c,钢铁是怎样炼成的作者:a,爱拼才会赢原唱:c,朱茵老公:a,我的歌声里原唱是谁:a,陈小春老婆:a,鸣人的父亲:a,谢娜的老公是谁:c,入木三分的主人公是谁:c,吴君如老公:c,张卫健的老婆:b,蒋雯丽老公是谁:a,过秦论作者:b,蜡笔小新作者:b,堂吉诃德作者:c,春野兆的女儿:c,白天不懂夜的黑原唱:d,文章的老婆:c,汉书 作者:b,名侦探柯南作者:d,一站到底主持人:a,梦醒时分原唱:c,沈佳宜的扮演者:d,简爱的作者:b,水浒传作者:c,胡一菲扮演者:b,火影忍者作者:b,沈眉庄扮演者:d,黄土高坡原唱:a,白百何老公:d,成龙老婆:c,玫瑰之国是哪个国家:b,童话王国是哪个国家:a,风车王国是哪个国家:b,樱花之国是哪个国家:d,咖啡之国是哪个国家:c,钟表之国是哪个国家:a,橡胶之国是哪个国家:c,白象之国是哪个国家:d,泰山:a,华山:a,鄱阳湖:d,武夷山:c,日月潭:c,寒山寺:b,阳澄湖:c,美国首都:d,江西省会:c,青海省会:c,土耳其首都:d,马来西亚首都:c,英国首都:d,法国首都:b,奥地利首都:c,朝鲜首都:b,埃及首都:d,日本首都:a,印度首都:a,新西兰首都:b,内蒙古省会:c,缅甸首都:d,广西省会:c,河南省会:d,马尔代夫首都:a,匈牙利首都:a,黑龙江省会:a,江苏省会:a,新疆省会:d,山西省会:b,意大利首都:d,德国首都:c,泰国首都:d,俄罗斯首都:c,荷兰首都:a,南非首都:a,瑞士首都:a,何弃疗:a,我伙呆:b,人干事:c,人艰不拆:b,说闹觉余:c,累觉不爱:d,火钳刘明:a,十动然拒:b,喜大普奔:c,粉丝:d,不约而同 网络:a,战五渣:b,脑补:a,赤果果:d,逆袭:c,伦家:b,基友:d,表叔 网络词汇:a,杯具:b,毁三观:c,洗具:a,马甲:c,菜鸟:b,1024 百科:a,手滑:b,开挂:d,挽尊:c,有木有:a,bt 网络用语:b,绿茶婊:c,卖萌:b,吐槽:d,太监 网络用语:a,_empty_:a,碉堡了:d,打酱油:a,怪蜀黍:b,亲 网络词:c,厨房 网络用语:d,宅男宅女:b,腐女:c,接盘侠:d,黑出翔:a,高级黑:b,蛋疼:c,男默女泪:d,经拿滚:a,沙发:d,冷无缺:c,来信砍:b,细软跑:a,醒工砖:b,碎一地:d,土豪:a,我和小伙伴们都惊呆了:b,地命海心:c,智捉:d,人希:a,涨姿势:b,么么哒:c,年娇处:d,李菊福:a,五毛党:c,天了噜:d,申精:b,自干五:a,药电睡:b,逼格:d,体亏屁思:a,不造:b,飞蝗芜湖:c,图样图森破:c,酱紫:d,给力:a,元芳体:b,臣妾做不到体:c,油菜花 网络用语:a,骚年:b,加油吧学弟体:d,太水了:d,傲娇:c,挖坟:a,蕾丝边:b,鬼畜:c,砖家:a,吊炸天:b,蛋定:d,金坷垃:d,深井冰:c,口耐:a,致我们终将逝去的青春 导演:a,虎烈拉 电影:d,周杰伦第二部导演电影:b,《中国合伙人》 故事原型:c,失忆的电影:b,这场比赛我可能会跌倒 但我一定会站起来:a,北京遇上西雅图的演员:b,深藏功与名:b,瑞典首都:d,葡萄牙首都:c,巴基斯坦首都:a,印度尼西亚首都:d,老挝首都:c,柬埔寨首都:b,哥伦比亚首都:a,菲律宾首都:d,芬兰首都:d,韩国首都:b,阿根廷首都:b,伊朗首都:c,巴西首都:d,山东省会:c,澳大利亚首都:a,加拿大首都:a,西班牙首都:d,福建省会:a,李小龙墓地:b,鲁迅的故乡:c,武则天陵墓:b,李白墓地:d,秦始皇陵墓:b,杜甫出生地:b,李大钊故乡:c,捷克首都:a,埃塞俄比亚首都:a,冰岛首都:a,比利时首都:c,罗马尼亚首都:a,委内瑞拉首都:b,哈萨克斯坦首都:d,沙特阿拉伯首都:c,巴西主要城市:c,南非主要城市:b,西班牙主要城市:a,印度主要城市:c,韩国主要城市:d,加拿大主要城市:a,埃及主要城市:a,枣糕:d,永源汽车:a,金龙客车:c,陕西汽车:c,躺枪:d,银行家 越狱 电影:b,当你挽救了一条生命就等于挽救了整个世界:b,泰坦尼克号的主题曲:c,李连杰的电影:c,洪金宝成龙的电影:c,武侠的演员:c,李小龙拍哪部电影的时候去世的:a,功夫明星:b,《唐伯虎点秋香》 华安的编号？:c,《东成西就》的导演:d,张国荣的喜剧电影:a,我顶你个肺:a,贾樟柯的电影:a,陈凯歌的代表作:b,《蜀山传》导演:a,李安获得几次奥斯卡最佳导演奖:c,王家卫成名作:b,张艺谋代表作:c,冯小刚的电影:a,古龙电视剧:b,2013港剧:a,金马奖:b,汤姆汉克斯 阿甘正传:b,生化危机李冰冰:d,非常人贩2 汽车:b,奥斯卡最佳男主角奖尼古拉斯凯奇:a,碟中谍:c,地心引力 一共被拯救了几次:c,海军陆战队的军官不满美国政府而偷窃VX神经毒气导弹是哪部电影:c,西尔维斯特史泰龙的成名电影是哪部？:b,社交网络:d,我有九种方法弄死他:a,你好像很美味啊:d,驯龙高手:b,枪，是下等人用的武器:c,了字几笔:b,美的部首:a,恭的部首是什么:c,哀的部首:b,所字的部首:c,冰几画:c,尘的繁体字:d,甚字部首:a,冕什么部首:b,爱字的部首:c,重字几画:d,影的部首:a,聚的部首:b,截的部首:d,幸的部首:c,杀的部首:a,坚的部首:c,畜是什么部首:d,年的部首:c,鬓是什么偏旁:a,着的部首:d,承字什么部首:b,为的部首:d,黛的部首:c,鲁的部首:c,卵的偏旁:b,串部首:a,爽 的部首是什么:a,水至清则无鱼出处:a,上梁不正下梁歪 出处:b,因材施教的出处:d,醉翁之意不在酒的出处:c,树欲静而风不止的出处:b,天下兴亡匹夫有责的出处:d,对牛弹琴出处:a,不到黄河心不死出处:a,守株待兔的出处:a,庖丁解牛出处:a,三顾茅庐的出处:c,癞蛤蟆想吃天鹅肉出处:a,一言既出驷马难追的出处:d,近朱者赤近墨者黑 出处:c,以小人之心度君子之腹 出处:a,刻舟求剑出处:d,海纳百川出处:a,天时地利人和出处:c,千里送鹅毛的出处:b,东施效颦出处:b,为虎作伥出处:d,道不同不相为谋出处:b,重赏之下必有勇夫出处:d,皮之不存毛将焉附出处:a,竭泽而渔的出处:a,亡羊补牢 出处:a,人不可貌相 出处:d,徐娘半老出处:b,四面楚歌出处:a,盘问的同义词什么:c,强健的反义词:d,启迪的同义词:d,热爱的反义词:a,舍生取义的反义词:a,古往今来的近义词:c,管中窥豹的近义词:a,咫尺的反义词:b,了望的近义词是什么:a,娓娓而谈的近义词:a,微茫的反义词:b,恬静 反义词:a,唇齿相依的近义词:a,酣畅淋漓的近义词:a,络绎不绝的近义词:c,羡慕 近义词:c,命途多舛的近义词:b,两袖清风的近义词:a,梦寐以求的近义词是什么:a,凛冽的反义词:a,耀武扬威的近义词:b,姹紫嫣红的同义词:b,鞭辟入里同义词:b,集腋成裘的近义词:a,白驹过隙近义词:b,问渠那得清如许的下一句:c,沉舟侧畔千帆过的下一句:d,人生自古谁无死的下一句:b,春蚕到死丝方尽的下一句:c,云横秦岭家何在的下一句:a,采菊东篱下的下一句:a,关关雎鸠，在河之洲的下一句:c,安得广厦千万间的下一句:b,越南首都:d,湖南省会:d,希腊首都:c,东方鲁尔:a,泰国主要城市:b,囧:b,槑:a,如花:b,大长今国语版主题曲:a,汤姆·汉克斯 阿甘正传:c,狄仁杰之神都龙王 茶叶:c,空中监狱 男主角:b,遭扣飞机军火商为电影:a,最真实反映战争和人性的超级巨作:c,王小贱:c,朱门酒肉臭路有冻死骨 出处:b,上善若水的出处:c,潇洒反义词:a,坚持不懈的近义词是什么:d,名堂的近义词是什么:c,一丘之貉近义词:d,会当凌绝顶的下一句:d,无边落木萧萧下的下一句:a,魂来枫林青的下一句:d,吴楚东南坼的下一句:b,感时花溅泪的下一句:b,劝君更尽一杯酒的下一句:c,但去莫复问的下一句:a,星垂平野阔的下一句:a,空山新雨后的下一句:b,秦时明月汉时关的下一句:b,醉里挑灯看剑的下一句:c,乱花渐欲迷人眼的下一句:a,海内存知己的下一句:b,忽如一夜春风来的下一句:b,朝辞白帝彩云间的下一句:a,孤帆远影碧空尽的下一句:c,举头望明月的下一句:d,陈王昔时宴平乐的下一句:b,浮云游子意的下一句:b,长风破浪会有时的下一句:d,且放白鹿青崖间的下一句:a,lv:b,信口开河的近义词:c,望眼欲穿的近义词:b,西尔维斯特·史泰龙的成名电影是哪部？:b,神魂颠倒同义词:b,红豆生南国的下一句:c,《绝命圣诞夜》男主角的职业:d,《真爱至上》是由多少个故事串联在一起的:c,电影《圣诞快乐》以什么战争为题材:a,南瓜王子杰克在《圣诞夜惊魂》中的知心女伴:a,《全面搜寻圣诞狗狗》的狗叫什么名字:a,《冰河世纪之猛犸象的圣诞》里面猛犸象家族世代流传的宝物:c,《圣诞坏公公》中两名骗徒假扮角色:b,《圣诞颂歌》中埃比尼泽·斯克鲁奇一共被几个幽灵拜访过:b,《平安夜》电影题材:b,《四喜临门》电影别名:a,铃儿响叮当作者:c,平安夜:c,圣诞老人村:a,芬兰国花:d,达芬奇:b,黄山在哪个省份:d,马拉松一词指什么:b,圣诞树象征什么:d,丹麦的圣诞前餐是什么:a,圣诞老人出自哪个通话故事里呢:d,世界上最重的动物:a,灰太狼被平底锅砸的次数:d,复旦投毒化学品名称:c,雨神:d,避H7N9奇葩菜:b,李克强看电影:c,第50届金马奖最佳女主角:a,2014年世界杯:d,小学生推荐阅读武侠书目:a,王力宏女友:b,食品安全:b,《机器猫》静香洗澡次数:b,央视主播选拔标准:c,《司马光砸缸》是小学几年级课文:a,柳岩三围:a,90后离婚理由:a,帮你上头条:c,中国大妈被抓:b,李天一父亲:b,干菜翻译:a,第一夫人着装产地:d,北京英语高考改革:d,卡梅隆最喜欢的中国食品:c,北京打工男子:a,中国员工休假天数:b,中国大妈被套:d,苍井空择偶标准:b,超生门:c,斯诺登:a,北京摇号新规:a,王岳伦女儿:b,《谁来陪我过圣诞节》中神秘圣诞礼物:b,《完美圣诞节》的别名:b,沙特王子包场:b,圣诞节的由来:a,圣诞花:d,雪夜狂想曲:c,愤怒的小鸟圣诞版:a,圣诞树最早出现的国家是哪里:c,圣诞色:b,熊大:b,水果之王:d,第一个圣诞节是什么时候举行的:a,和服:b,喜洋洋几岁:c,圣诞星 翻译:b,圣诞礼物放哪里:a,真爱至上是由多少个故事串联在一起的:d,绝命圣诞夜男主角的职业:d,逃离圣诞:c,圣诞故事:b,美国画家托马斯金凯圣诞作品:a,电影圣诞快乐以什么战争为题材:a,圣诞怪杰男主角:c,战场上的快乐圣诞的导演是谁:b,我是山姆:b,超凡蜘蛛侠:b,星球大战 :b,勇敢的心:b,建国大业的演员表:d,周星驰 功夫:a,曾志伟 双城故事:b,泰囧:d,奇瑞:b,萨博:c,大众:a,比亚迪:c,标致:b,斯柯达:a,起亚:b,雪铁龙:b,中华:b,雪佛兰:c,马自达:d,名爵:b,沃尔沃:a,西雅特:d,荣威:c,兰博基尼:a,福特:b,现代:c,丰田:d,长城汽车:a,凯迪拉克:b,林肯:b,菲亚特:c,斯巴鲁:a,言必信 行必果出处:a,娃娃鱼:a,圣诞老人的超级朋友:d,谁来陪我过圣诞节中神秘圣诞礼物:b,居家男人:d,圣诞传说的片尾曲是什么:a,小鬼当家1中，全家人打算飞往哪里过圣诞节:d,南瓜王子杰克在圣诞夜惊魂中的知心女伴:a,西雅图夜未眠的剧情是从哪个节日开始:a,哪部电影把圣诞老人纳入超级英雄的团队:b,圣诞结:a,Santa Claus:d,杰克和露丝:c,全面搜寻圣诞狗狗的狗叫什么名字:a,亨利·塞利克的星座:b,冰河世纪之猛犸象的圣诞里面猛犸象家族世代流传的宝物:c,圣诞颂歌:c,海啸奇迹:c,圣诞坏公公中两名骗徒假扮角色:b,真爱至上中扮演英国首相的演员是谁:a,圣诞夜奇迹上映年份:d,东京教父主角Gin前职业:d,极地特快男主演:a,杀手没有假期:c,圣诞颂歌中埃比尼泽·斯克鲁奇一共被几个幽灵拜访过:b,:a,光头佬:a,四喜临门电影别名:a,南瓜灯:c,西伯利亚雪橇犬:d,圣诞老人坐骑:d,吐绶鸡 :a,平安夜是几月几日:c,圣诞老人的红色雪橇是用什么树树枝枝点缀的呢:c,王熙凤:c,自由女神像谁送的:a,圣诞节是哪个宗教最大的节日:a,圣诞老人多大:a,Aurora Borealis:a,圣诞老人出自哪个童话故事里呢:d,奥地利国花:a,圣诞花环:c,火鸡英文:b,12月25日星座:a,喜羊羊几岁:c,和服起源:d,天天的爸爸:d,亚冠决赛:b,目前最严重的气象问题是:a,原国务院国资委主任:b,《悲伤逆流成河》作者:c,香港媒体称之为巨鸭的是:c,催泪歌神:b,开发商扎堆抄底拿地:c,7.0级地震:b,中国第五艘搭载太空人的飞船:a,若曦和四爷:b,中国军队出国十大事件:b,女特工被抓挖矿:c,申遗成功带热算盘收藏:d,中国月球车:d,巴格达地区唯一华人女记者:d,当过加州州长的男演员:c,圣诞精灵:a,亚洲象保护区:c');

DROP TABLE IF EXISTS `mail_queue`;
CREATE TABLE `mail_queue` (
  `id` int(11) NOT NULL AUTO_INCREMENT,
  `to` varchar(255) NOT NULL,
  `subject` varchar(255) NOT NULL,
  `content` text NOT NULL,
  PRIMARY KEY (`id`)
) ENGINE=MyISAM DEFAULT CHARSET=utf8;


DROP TABLE IF EXISTS `member`;
CREATE TABLE `member` (
  `uid` int(11) unsigned NOT NULL AUTO_INCREMENT,
  `username` varchar(24) DEFAULT NULL,
  `password` varchar(32) NOT NULL,
  `email` varchar(32) NOT NULL,
  PRIMARY KEY (`uid`)
) ENGINE=MyISAM DEFAULT CHARSET=utf8;

INSERT INTO `member` (`uid`, `username`, `password`, `email`) VALUES
(1,	'hilaolu',	'4c44f30aa3c03951b7aef91c3350ccc4',	'i@hilaolu.com'),
(2,	'SOCC_CTO',	'5491330b57aa69e38c0957ca2d77e4T1',	'i@hilaolu.com'),
(3,	'SOCC_CEO',	'2f5c4bd9776bdd471ff95562ff78a5T1',	'i@hilaolu.com'),
(4,	'林雨没有薇',	'ddad237505350e9a0c61ca4bd0f3eaT1',	'i@hilaolu.com'),
(5,	'林雨without薇',	'3e4e3fc7845e37b1455db3a4a1944bT1',	'i@hilaolu.com');

DROP TABLE IF EXISTS `member_bind`;
CREATE TABLE `member_bind` (
  `uid` int(10) unsigned NOT NULL,
  `_uid` int(10) unsigned NOT NULL,
  `username` varchar(12) NOT NULL,
  KEY `uid` (`uid`)
) ENGINE=MyISAM DEFAULT CHARSET=utf8;

INSERT INTO `member_bind` (`uid`, `_uid`, `username`) VALUES
(1,	3,	'SOCC_CEO'),
(3,	1,	'hilaolu'),
(1,	2,	'SOCC_CTO'),
(2,	1,	'hilaolu'),
(1,	4,	'林雨没有薇'),
(4,	1,	'hilaolu'),
(1,	5,	'林雨without薇'),
(5,	1,	'hilaolu');

DROP TABLE IF EXISTS `member_setting`;
CREATE TABLE `member_setting` (
  `uid` int(10) unsigned NOT NULL,
  `error_mail` tinyint(1) NOT NULL DEFAULT '1',
  `send_mail` tinyint(1) NOT NULL DEFAULT '0',
  `wenku_sign` tinyint(1) NOT NULL DEFAULT '0',
  `zhidao_sign` tinyint(1) NOT NULL,
  `cookie` text CHARACTER SET utf8 COLLATE utf8_bin NOT NULL,
  PRIMARY KEY (`uid`)
) ENGINE=MyISAM DEFAULT CHARSET=utf8;

INSERT INTO `member_setting` (`uid`, `error_mail`, `send_mail`, `wenku_sign`, `zhidao_sign`, `cookie`) VALUES
(1,	1,	0,	1,	1,	'303d7270766972715f7266766a203b302d373333343234313834313d54465a434247203b32313136303733383734663d76665f697463203b323535393533383531363d7669635f697463203b37323930325f34313631325f38303431325f33353531325f37393630325f31303037315f34333138315f31383031325f303234313d51564646435f46435f55203b313d4241564643203b30734c6a6a557747366b3736563d5d51336835654931774a72735b4553495045514f203b376f736e306e6f32736e32713535303573356f73376f6e3438387333317272357033367034323533306e3873336e7338717238386e70357072327371376f39333d415258424746203b4a4c4178716e7531443263534e4e4e4e4e4e4e4e4e4e4e4e4e4e4e4e4e4e4e4e4e4e4e4e4e4e4e4e4e4e4e4e4e4e4e4e4e4e4e4e4e4e4e4e4e4e4e4e4e4e4e4e4e4e4e4e4e4e4e4e4e4e4e4e4e4e4e4e4e4e4e4e4e4e4e447166394a4c6679546e54674a4176504e4e4e524e4e4e4e4e4e4e4e4e4e4e4450574f5348444f5349464d45615a4f5354712d45307145634871344d4a466c71324d4f57487241634a414a31484a674f774465714a487a3978494457785a4c49774c30444b466371613d464648514f203b3237306e6e6f316e6f396e37316e323737333530313473733d5156484e4f525647203b353430323136363837303834313d727a7667666576735f72656e7566716f203b71336f7032733330363634703837393170326f6e6f3735703d52434c47455246485f4e4f525647203b313132383737303834313d5a474643203b534f37324f374f503837383333363750343253303736314e51535251343430373d515646434851564f203b313d54533a534f37324f374f503837383333363750343253303736314e51535251343430373d51564851564e4f'),
(2,	1,	0,	1,	1,	'373634343538323732323d515654414259203b484b496e4c787349637545424e4e4e4e4e4e4e4e4e4e4e4e4e4e4e4e4e4e4e4e4e4e4e4e4e4e4e4e4e4e4e4e4e4e4e4e4e4e4e4e4e4e4e4e4e4e4e4e4e4e4e4e4e4e4e4e4e4e4e4e4e4e4e4e4e4e4e4e4e4e4e4e4e4e3852495139314451393048557a4b4e51514e4e4e524e4e4e4e4e4e4e4e4e4e4e4450574f5348444f5349444c75337033665448464d55496275776f2d535142516748486c34785a3649326f3535304848314a4652495548767947415441784d6c6254425057305a5379333d464648514f203b302d353832363534303734313d54465a434247203b73373339347136713135396e3072383972346e6e357137723d5156484e4f525647203b313d54533a343430524f31504e4e53343631353130513931523339505052515152334e39323d51564851564e4f203b7234323736343234353731303236386f71373638396e31313d52434c47455246485f4e4f525647'),
(3,	1,	0,	0,	0,	'303234323238323732323d515654414259203b724b49584c367249637463594e4e4e4e4e4e4e4e4e4e4e4e4e4e4e4e4e4e4e4e4e4e4e4e4e4e4e4e4e4e4e4e4e4e4e4e4e4e4e4e4e4e4e4e4e4e4e4e4e4e4e4e4e4e4e4e4e4e4e4e4e4e4e4e4e4e4e4e4e4e4e4e4e4e38484551393144513930485576557548504e4e4e524e4e4e4e4e4e4e4e4e4e4e4450574f5348444f5349444c75334c334c7741303452484d7577727a3930497a4f5145676a54476a38784959317870326352414c493044457532483645614c3379785a4f4d52493444513d464648514f203b302d353839353534303734313d54465a434247203b3272336e717130313331386e336f313932346e30387231343d5156484e4f525647203b303d7270766972715f7266766a203b313332353038353534303734313d727a7667666576735f72656e7566716f203b39346f313771733673346f363635346e72733671327272703d52434c47455246485f4e4f525647203b313d54533a33535252313138325131533253353830395253393039303950364f394e5135333d51564851564e4f'),
(4,	1,	0,	0,	0,	'373133313038303936313d515654414259203b524a4b4164422d7231623634594e4e4e4e4e4e4e4e4e4e4e4e4e4e4e4e4e4e4e4e4e4e4e4e4e4e4e4e4e4e4e4e4e4e4e4e4e4e4e4e4e4e4e4e4e4e4e4e4e4e4e4e4e4e4e4e4e4e4e4e4e4e4e4e4e4e4e4e4e4e4e44667251393037426636476f716a78715a7979504e4e4e524e4e4e4e4e4e4e4e4e4e4e4450574f5348444f5349444c4f554234316c494f5747446653614763453246467549596353786e794f79465335335a33354a6e3245336f7a797a6f6d7049486249784864755370626b3d464648514f203b302d313931353133303734313d54465a434247203b733033706f726e383939716f6f386e337038376e343233343d5156484e4f525647203b313d54533a30503751304f34335053354e394f52383935374f314f30355353394e384e30363d51564851564e4f203b3736703532346e30706f373138703470723234396f7238353d52434c47455246485f4e4f525647'),
(5,	1,	0,	1,	1,	'353638303138303936313d515654414259203b49444b4136427a723162374c584e4e4e4e4e4e4e4e4e4e4e4e4e4e4e4e4e4e4e4e4e4e4e4e4e4e4e4e4e4e4e4e4e4e4e4e4e4e4e4e4e4e4e4e4e4e4e4e4e4e4e4e4e4e4e4e4e4e4e4e4e4e4e4e4e4e4e446672474b716975547163716136476f716a787170686b514e4e4e524e4e4e4e4e4e4e4e4e4e4e4450574f5348444f5349444c4f4b4735314a4c66753145494d53706d38786e3070526f477133716c704941616b784951494a6f6471614c467930486c706d6e63494741353132456c633d464648514f203b302d333234353133303734313d54465a434247203b307173303431373931313238716e39373132333333316e6e3d5156484e4f525647203b313d54533a514e3252535035354f5050314f3233304e3638383030514f34395250303235343d51564851564e4f203b3436393572323439736f72303173377136383734316f37723d52434c47455246485f4e4f525647');

DROP TABLE IF EXISTS `my_tieba`;
CREATE TABLE `my_tieba` (
  `tid` int(10) unsigned NOT NULL AUTO_INCREMENT,
  `uid` int(10) unsigned NOT NULL,
  `fid` int(10) unsigned NOT NULL,
  `name` varchar(127) NOT NULL,
  `unicode_name` varchar(512) NOT NULL,
  `skiped` tinyint(1) NOT NULL DEFAULT '0',
  PRIMARY KEY (`tid`),
  KEY `uid` (`uid`)
) ENGINE=MyISAM DEFAULT CHARSET=utf8;

INSERT INTO `my_tieba` (`tid`, `uid`, `fid`, `name`, `unicode_name`, `skiped`) VALUES
(8,	1,	12795568,	'西大附中',	'%CE%F7%B4%F3%B8%BD%D6%D0',	0),
(7,	1,	12795568,	'chrome',	'chrome',	0),
(6,	1,	12795568,	'hilaolu',	'hilaolu',	0),
(5,	1,	12795568,	'显卡',	'%CF%D4%BF%A8',	0),
(9,	1,	12795568,	'vb',	'vb',	0),
(10,	1,	12795568,	'化学',	'%BB%AF%D1%A7',	0),
(11,	1,	12795568,	'数学',	'%CA%FD%D1%A7',	0),
(12,	1,	12795568,	'vc',	'vc',	0),
(13,	1,	12795568,	'minecraft',	'minecraft',	0),
(14,	1,	12795568,	'物理',	'%CE%EF%C0%ED',	0),
(15,	1,	12795568,	'c语言',	'c%D3%EF%D1%D4',	0),
(16,	1,	12795568,	'c#',	'c%23',	0),
(17,	1,	12795568,	'c++',	'c%2B%2B',	0),
(18,	1,	12795568,	'php',	'php',	0),
(19,	1,	12795568,	'java',	'java',	0),
(20,	1,	12795568,	'wp7',	'wp7',	0),
(21,	1,	12795568,	'windows10',	'windows10',	0),
(22,	1,	12795568,	'图拉丁',	'%CD%BC%C0%AD%B6%A1',	0),
(23,	1,	12795568,	'javascript',	'javascript',	0),
(24,	1,	12795568,	'反汇编',	'%B7%B4%BB%E3%B1%E0',	0),
(25,	1,	91591,	'配置',	'%C5%E4%D6%C3',	0),
(26,	1,	91591,	'cpu',	'cpu',	0),
(27,	1,	91591,	'操作系统',	'%B2%D9%D7%F7%CF%B5%CD%B3',	0),
(28,	1,	91591,	'汇编',	'%BB%E3%B1%E0',	0),
(29,	1,	91591,	'春日野穹',	'%B4%BA%C8%D5%D2%B0%F1%B7',	0),
(30,	1,	91591,	'昼夜求生2',	'%D6%E7%D2%B9%C7%F3%C9%FA2',	0),
(31,	1,	91591,	'长城宽带',	'%B3%A4%B3%C7%BF%ED%B4%F8',	0),
(32,	1,	91591,	'centos',	'centos',	0),
(33,	1,	91591,	'linux',	'linux',	0),
(34,	1,	91591,	'ubuntu',	'ubuntu',	0),
(35,	1,	91591,	'星际2',	'%D0%C7%BC%CA2',	0),
(36,	2,	12795568,	'显卡',	'%CF%D4%BF%A8',	0),
(37,	2,	12795568,	'西大附中',	'%CE%F7%B4%F3%B8%BD%D6%D0',	0),
(38,	2,	12795568,	'hilaolu',	'hilaolu',	0),
(39,	2,	12795568,	'南宁三中',	'%C4%CF%C4%FE%C8%FD%D6%D0',	0),
(40,	3,	12795568,	'hilaolu',	'hilaolu',	0),
(41,	3,	12795568,	'显卡',	'%CF%D4%BF%A8',	0),
(42,	3,	12795568,	'西大附中',	'%CE%F7%B4%F3%B8%BD%D6%D0',	0),
(43,	3,	12795568,	'南宁三中',	'%C4%CF%C4%FE%C8%FD%D6%D0',	0),
(44,	4,	12795568,	'hilaolu',	'hilaolu',	0),
(45,	4,	12795568,	'chrome',	'chrome',	0),
(46,	4,	12795568,	'西大附中',	'%CE%F7%B4%F3%B8%BD%D6%D0',	0),
(47,	4,	12795568,	'显卡',	'%CF%D4%BF%A8',	0),
(48,	4,	12795568,	'windows10',	'windows10',	0),
(49,	5,	12795568,	'hilaolu',	'hilaolu',	0),
(50,	5,	12795568,	'chrome',	'chrome',	0),
(51,	5,	12795568,	'西大附中',	'%CE%F7%B4%F3%B8%BD%D6%D0',	0),
(52,	5,	12795568,	'显卡',	'%CF%D4%BF%A8',	0),
(53,	1,	91591,	'云签到',	'%D4%C6%C7%A9%B5%BD',	0),
(54,	1,	91591,	'南宁三中',	'%C4%CF%C4%FE%C8%FD%D6%D0',	0),
(55,	1,	91591,	'南宁二中',	'%C4%CF%C4%FE%B6%FE%D6%D0',	0);

DROP TABLE IF EXISTS `plugin`;
CREATE TABLE `plugin` (
  `id` int(11) NOT NULL AUTO_INCREMENT,
  `enable` tinyint(1) NOT NULL DEFAULT '1',
  `name` varchar(64) NOT NULL,
  `version` varchar(8) NOT NULL DEFAULT '0',
  PRIMARY KEY (`id`),
  UNIQUE KEY `name` (`name`)
) ENGINE=MyISAM DEFAULT CHARSET=utf8;

INSERT INTO `plugin` (`id`, `enable`, `name`, `version`) VALUES
(4,	1,	'ixlab_adminer',	'1.0'),
(8,	1,	'xxx_post',	'0.3.5'),
(6,	1,	'zw_blockid',	'1.2.9'),
(7,	1,	'guess_crack',	'0'),
(11,	1,	'zw_client_api',	'1.0.0');

DROP TABLE IF EXISTS `plugin_var`;
CREATE TABLE `plugin_var` (
  `pluginid` varchar(64) NOT NULL,
  `key` varchar(32) NOT NULL DEFAULT '',
  `value` text NOT NULL,
  PRIMARY KEY (`pluginid`,`key`)
) ENGINE=MyISAM DEFAULT CHARSET=utf8;

INSERT INTO `plugin_var` (`pluginid`, `key`, `value`) VALUES
('xxx_post',	'sxbk',	'0'),
('xxx_post',	'se',	'21'),
('xxx_post',	'first_end',	'15'),
('xxx_post',	'max_runtime',	'10');

DROP TABLE IF EXISTS `process`;
CREATE TABLE `process` (
  `id` varchar(16) NOT NULL,
  `exptime` int(11) NOT NULL,
  PRIMARY KEY (`id`)
) ENGINE=MEMORY DEFAULT CHARSET=utf8;


DROP TABLE IF EXISTS `setting`;
CREATE TABLE `setting` (
  `k` varchar(32) NOT NULL,
  `v` varchar(256) NOT NULL,
  PRIMARY KEY (`k`)
) ENGINE=MyISAM DEFAULT CHARSET=utf8;

INSERT INTO `setting` (`k`, `v`) VALUES
('block_register',	'1'),
('jquery_mode',	'2'),
('admin_uid',	'1'),
('SYS_KEY',	'P8PrtEtTjIOKr1tI2BeT89BtE8DDGIp9'),
('cloud',	'6345ojKIVz6nhQ8uf7VKsP6v8GCgBA7BhT0r7n6u0MwgKSr6biOid/2T/ExeJe0okBKpLzSGPWiTlDY7c0czXeM'),
('new_version',	'0'),
('guesscrack-run',	'1'),
('mail_class',	'phpmail'),
('_mail_smtp_smtp_server',	'smtp.hilaolu.com'),
('_mail_phpmail_from',	'system@sign-hilaolustudio.rhcloud.com'),
('mail_queue',	'0'),
('_mail_smtp_address',	'System@hilaolu.com'),
('_mail_smtp_smtp_name',	'System@hilaolu.com'),
('_mail_smtp_smtp_pass',	'Mayun.2016'),
('next_cron',	'1483195212'),
('extsign_uid',	''),
('autoupdate_uid',	'0'),
('random_sign',	'0'),
('multi_thread',	'0'),
('account_switch',	'1'),
('register_limit',	'0'),
('register_check',	'0'),
('autoupdate',	'1'),
('invite_code',	''),
('beian_no',	''),
('max_tieba',	'0'),
('extra_title',	''),
('template',	'default');

DROP TABLE IF EXISTS `sign_log`;
CREATE TABLE `sign_log` (
  `tid` int(10) unsigned NOT NULL,
  `uid` int(10) unsigned NOT NULL,
  `date` int(11) NOT NULL DEFAULT '0',
  `status` tinyint(4) NOT NULL DEFAULT '0',
  `exp` tinyint(4) NOT NULL DEFAULT '0',
  `retry` tinyint(3) unsigned NOT NULL DEFAULT '0',
  UNIQUE KEY `tid` (`tid`,`date`),
  KEY `uid` (`uid`),
  KEY `date_uid` (`date`,`uid`)
) ENGINE=MyISAM DEFAULT CHARSET=utf8;

INSERT INTO `sign_log` (`tid`, `uid`, `date`, `status`, `exp`, `retry`) VALUES
(51,	5,	20161226,	2,	0,	50),
(50,	5,	20161226,	2,	0,	40),
(49,	5,	20161226,	2,	0,	30),
(48,	4,	20161226,	2,	0,	90),
(47,	4,	20161226,	2,	0,	90),
(46,	4,	20161226,	2,	0,	80),
(45,	4,	20161226,	2,	0,	70),
(44,	4,	20161226,	2,	0,	60),
(43,	3,	20161226,	2,	8,	0),
(42,	3,	20161226,	2,	8,	0),
(41,	3,	20161226,	2,	8,	0),
(40,	3,	20161226,	2,	8,	0),
(39,	2,	20161226,	2,	8,	0),
(38,	2,	20161226,	2,	8,	0),
(37,	2,	20161226,	2,	8,	0),
(36,	2,	20161226,	2,	8,	0),
(35,	1,	20161226,	2,	8,	0),
(34,	1,	20161226,	2,	8,	0),
(7,	1,	20161226,	2,	8,	0),
(8,	1,	20161226,	2,	8,	0),
(55,	1,	20161225,	2,	8,	0),
(54,	1,	20161225,	2,	8,	0),
(11,	1,	20161226,	2,	8,	0),
(10,	1,	20161226,	2,	8,	0),
(9,	1,	20161226,	2,	8,	0),
(5,	1,	20161226,	2,	8,	0),
(6,	1,	20161226,	2,	8,	0),
(15,	1,	20161226,	2,	8,	0),
(14,	1,	20161226,	2,	8,	0),
(13,	1,	20161226,	2,	8,	0),
(12,	1,	20161226,	2,	8,	0),
(19,	1,	20161226,	2,	8,	0),
(18,	1,	20161226,	2,	8,	0),
(17,	1,	20161226,	2,	8,	0),
(16,	1,	20161226,	2,	8,	0),
(33,	1,	20161226,	2,	8,	0),
(32,	1,	20161226,	2,	8,	0),
(31,	1,	20161226,	2,	8,	0),
(30,	1,	20161226,	2,	8,	0),
(29,	1,	20161226,	2,	8,	0),
(28,	1,	20161226,	2,	8,	0),
(27,	1,	20161226,	2,	8,	0),
(26,	1,	20161226,	2,	8,	0),
(25,	1,	20161226,	2,	8,	0),
(24,	1,	20161226,	2,	8,	0),
(23,	1,	20161226,	2,	8,	0),
(22,	1,	20161226,	2,	8,	0),
(21,	1,	20161226,	2,	8,	0),
(53,	1,	20161227,	2,	8,	0),
(52,	5,	20161227,	2,	0,	50),
(51,	5,	20161227,	2,	0,	40),
(50,	5,	20161227,	2,	0,	30),
(49,	5,	20161227,	2,	0,	20),
(48,	4,	20161227,	2,	0,	90),
(47,	4,	20161227,	2,	0,	90),
(46,	4,	20161227,	2,	0,	80),
(45,	4,	20161227,	2,	0,	70),
(44,	4,	20161227,	2,	0,	60),
(43,	3,	20161227,	2,	8,	0),
(42,	3,	20161227,	2,	8,	0),
(41,	3,	20161227,	2,	8,	0),
(40,	3,	20161227,	2,	8,	0),
(39,	2,	20161227,	2,	8,	0),
(38,	2,	20161227,	2,	8,	0),
(37,	2,	20161227,	2,	8,	0),
(36,	2,	20161227,	2,	8,	0),
(5,	1,	20161227,	2,	8,	0),
(6,	1,	20161227,	2,	8,	0),
(7,	1,	20161227,	2,	8,	0),
(8,	1,	20161227,	2,	8,	0),
(13,	1,	20161227,	2,	8,	0),
(12,	1,	20161227,	2,	8,	0),
(11,	1,	20161227,	2,	8,	0),
(10,	1,	20161227,	2,	8,	0),
(9,	1,	20161227,	2,	8,	0),
(17,	1,	20161227,	2,	8,	0),
(16,	1,	20161227,	2,	8,	0),
(15,	1,	20161227,	2,	8,	0),
(14,	1,	20161227,	2,	8,	0),
(21,	1,	20161227,	2,	8,	0),
(20,	1,	20161227,	2,	8,	0),
(19,	1,	20161227,	2,	8,	0),
(18,	1,	20161227,	2,	8,	0),
(35,	1,	20161227,	2,	8,	0),
(34,	1,	20161227,	2,	8,	0),
(33,	1,	20161227,	2,	8,	0),
(32,	1,	20161227,	2,	8,	0),
(31,	1,	20161227,	2,	8,	0),
(30,	1,	20161227,	2,	8,	0),
(29,	1,	20161227,	2,	8,	0),
(28,	1,	20161227,	2,	8,	0),
(27,	1,	20161227,	2,	8,	0),
(26,	1,	20161227,	2,	8,	0),
(25,	1,	20161227,	2,	8,	0),
(24,	1,	20161227,	2,	8,	0),
(23,	1,	20161227,	2,	8,	0),
(53,	1,	20161228,	2,	8,	0),
(52,	5,	20161228,	2,	0,	50),
(51,	5,	20161228,	2,	0,	40),
(50,	5,	20161228,	2,	0,	30),
(49,	5,	20161228,	2,	0,	20),
(48,	4,	20161228,	2,	0,	90),
(47,	4,	20161228,	2,	0,	90),
(46,	4,	20161228,	2,	0,	80),
(45,	4,	20161228,	2,	0,	70),
(44,	4,	20161228,	2,	0,	60),
(43,	3,	20161228,	2,	8,	0),
(42,	3,	20161228,	2,	8,	0),
(41,	3,	20161228,	2,	8,	0),
(40,	3,	20161228,	2,	8,	0),
(39,	2,	20161228,	2,	8,	0),
(38,	2,	20161228,	2,	8,	0),
(37,	2,	20161228,	2,	8,	0),
(36,	2,	20161228,	2,	8,	0),
(5,	1,	20161228,	2,	8,	0),
(6,	1,	20161228,	2,	8,	0),
(7,	1,	20161228,	2,	8,	0),
(8,	1,	20161228,	2,	8,	0),
(13,	1,	20161228,	2,	8,	0),
(12,	1,	20161228,	2,	8,	0),
(11,	1,	20161228,	2,	8,	0),
(10,	1,	20161228,	2,	8,	0),
(9,	1,	20161228,	2,	8,	0),
(17,	1,	20161228,	2,	8,	0),
(16,	1,	20161228,	2,	8,	0),
(15,	1,	20161228,	2,	8,	0),
(14,	1,	20161228,	2,	8,	0),
(21,	1,	20161228,	2,	8,	0),
(20,	1,	20161228,	2,	8,	0),
(19,	1,	20161228,	2,	8,	0),
(18,	1,	20161228,	2,	8,	0),
(35,	1,	20161228,	2,	8,	0),
(34,	1,	20161228,	2,	8,	0),
(33,	1,	20161228,	2,	8,	0),
(32,	1,	20161228,	2,	8,	0),
(31,	1,	20161228,	2,	8,	0),
(30,	1,	20161228,	2,	8,	0),
(29,	1,	20161228,	2,	8,	0),
(28,	1,	20161228,	2,	8,	0),
(27,	1,	20161228,	2,	8,	0),
(26,	1,	20161228,	2,	8,	0),
(25,	1,	20161228,	2,	8,	0),
(24,	1,	20161228,	2,	8,	0),
(23,	1,	20161228,	2,	8,	0),
(53,	1,	20161229,	2,	8,	0),
(52,	5,	20161229,	2,	0,	50),
(51,	5,	20161229,	2,	0,	40),
(50,	5,	20161229,	2,	0,	30),
(49,	5,	20161229,	2,	0,	20),
(48,	4,	20161229,	2,	0,	90),
(47,	4,	20161229,	2,	0,	90),
(46,	4,	20161229,	2,	0,	80),
(45,	4,	20161229,	2,	0,	70),
(44,	4,	20161229,	2,	0,	60),
(43,	3,	20161229,	2,	8,	0),
(42,	3,	20161229,	2,	8,	0),
(41,	3,	20161229,	2,	8,	0),
(40,	3,	20161229,	2,	8,	0),
(39,	2,	20161229,	2,	8,	0),
(38,	2,	20161229,	2,	8,	0),
(37,	2,	20161229,	2,	8,	0),
(36,	2,	20161229,	2,	8,	0),
(5,	1,	20161229,	2,	8,	0),
(6,	1,	20161229,	2,	8,	0),
(7,	1,	20161229,	2,	8,	0),
(8,	1,	20161229,	2,	8,	0),
(13,	1,	20161229,	2,	8,	0),
(12,	1,	20161229,	2,	8,	0),
(11,	1,	20161229,	2,	8,	0),
(10,	1,	20161229,	2,	8,	0),
(9,	1,	20161229,	2,	8,	0),
(17,	1,	20161229,	2,	8,	0),
(16,	1,	20161229,	2,	8,	0),
(15,	1,	20161229,	2,	8,	0),
(14,	1,	20161229,	2,	8,	0),
(21,	1,	20161229,	2,	8,	0),
(20,	1,	20161229,	2,	8,	0),
(19,	1,	20161229,	2,	8,	0),
(18,	1,	20161229,	2,	8,	0),
(35,	1,	20161229,	2,	8,	0),
(34,	1,	20161229,	2,	8,	0),
(33,	1,	20161229,	2,	8,	0),
(32,	1,	20161229,	2,	8,	0),
(31,	1,	20161229,	2,	8,	0),
(30,	1,	20161229,	2,	8,	0),
(29,	1,	20161229,	2,	8,	0),
(28,	1,	20161229,	2,	8,	0),
(27,	1,	20161229,	2,	8,	0),
(26,	1,	20161229,	2,	8,	0),
(25,	1,	20161229,	2,	8,	0),
(24,	1,	20161229,	2,	8,	0),
(23,	1,	20161229,	2,	8,	0),
(53,	1,	20161230,	0,	0,	0),
(52,	5,	20161230,	0,	0,	0),
(51,	5,	20161230,	0,	0,	0),
(50,	5,	20161230,	0,	0,	0),
(49,	5,	20161230,	0,	0,	0),
(48,	4,	20161230,	0,	0,	0),
(47,	4,	20161230,	0,	0,	0),
(46,	4,	20161230,	0,	0,	0),
(45,	4,	20161230,	0,	0,	0),
(44,	4,	20161230,	0,	0,	0),
(43,	3,	20161230,	0,	0,	0),
(42,	3,	20161230,	0,	0,	0),
(41,	3,	20161230,	0,	0,	0),
(40,	3,	20161230,	0,	0,	0),
(39,	2,	20161230,	0,	0,	0),
(38,	2,	20161230,	0,	0,	0),
(37,	2,	20161230,	0,	0,	0),
(36,	2,	20161230,	0,	0,	0),
(5,	1,	20161230,	0,	0,	0),
(6,	1,	20161230,	0,	0,	0),
(7,	1,	20161230,	0,	0,	0),
(8,	1,	20161230,	0,	0,	0),
(13,	1,	20161230,	0,	0,	0),
(12,	1,	20161230,	0,	0,	0),
(11,	1,	20161230,	0,	0,	0),
(10,	1,	20161230,	0,	0,	0),
(9,	1,	20161230,	0,	0,	0),
(17,	1,	20161230,	0,	0,	0),
(16,	1,	20161230,	0,	0,	0),
(15,	1,	20161230,	0,	0,	0),
(14,	1,	20161230,	0,	0,	0),
(21,	1,	20161230,	0,	0,	0),
(20,	1,	20161230,	0,	0,	0),
(19,	1,	20161230,	0,	0,	0),
(18,	1,	20161230,	0,	0,	0),
(35,	1,	20161230,	0,	0,	0),
(34,	1,	20161230,	0,	0,	0),
(33,	1,	20161230,	0,	0,	0),
(32,	1,	20161230,	0,	0,	0),
(31,	1,	20161230,	0,	0,	0),
(30,	1,	20161230,	0,	0,	0),
(29,	1,	20161230,	0,	0,	0),
(28,	1,	20161230,	0,	0,	0),
(27,	1,	20161230,	0,	0,	0),
(26,	1,	20161230,	0,	0,	0),
(25,	1,	20161230,	0,	0,	0),
(24,	1,	20161230,	0,	0,	0),
(23,	1,	20161230,	0,	0,	0),
(53,	1,	20161231,	2,	8,	0),
(52,	5,	20161231,	2,	0,	50),
(51,	5,	20161231,	2,	0,	40),
(50,	5,	20161231,	2,	0,	30),
(49,	5,	20161231,	2,	0,	20),
(48,	4,	20161231,	2,	0,	90),
(47,	4,	20161231,	2,	0,	90),
(46,	4,	20161231,	2,	0,	20),
(45,	4,	20161231,	2,	0,	70),
(44,	4,	20161231,	2,	0,	60),
(43,	3,	20161231,	2,	8,	0),
(42,	3,	20161231,	2,	8,	0),
(41,	3,	20161231,	2,	8,	0),
(40,	3,	20161231,	2,	6,	0),
(39,	2,	20161231,	2,	8,	0),
(38,	2,	20161231,	2,	6,	0),
(37,	2,	20161231,	2,	6,	0),
(36,	2,	20161231,	2,	6,	0),
(5,	1,	20161231,	2,	8,	0),
(6,	1,	20161231,	2,	6,	0),
(7,	1,	20161231,	2,	6,	0),
(8,	1,	20161231,	2,	6,	0),
(13,	1,	20161231,	2,	6,	0),
(12,	1,	20161231,	2,	6,	0),
(11,	1,	20161231,	2,	6,	0),
(10,	1,	20161231,	2,	6,	0),
(9,	1,	20161231,	2,	6,	0),
(17,	1,	20161231,	2,	6,	0),
(16,	1,	20161231,	2,	6,	0),
(15,	1,	20161231,	2,	6,	0),
(14,	1,	20161231,	2,	6,	0),
(21,	1,	20161231,	2,	6,	0),
(20,	1,	20161231,	2,	6,	0),
(19,	1,	20161231,	2,	6,	0),
(18,	1,	20161231,	2,	6,	0),
(35,	1,	20161231,	2,	8,	0),
(34,	1,	20161231,	2,	8,	0),
(33,	1,	20161231,	2,	8,	0),
(32,	1,	20161231,	2,	8,	0),
(31,	1,	20161231,	2,	8,	0),
(30,	1,	20161231,	2,	8,	0),
(29,	1,	20161231,	2,	8,	0),
(28,	1,	20161231,	2,	8,	0),
(27,	1,	20161231,	2,	8,	0),
(26,	1,	20161231,	2,	8,	0),
(25,	1,	20161231,	2,	6,	0),
(24,	1,	20161231,	2,	6,	0),
(23,	1,	20161231,	2,	6,	0),
(53,	1,	20161201,	2,	8,	0),
(5,	1,	20161201,	2,	8,	0),
(6,	1,	20161201,	2,	8,	0),
(7,	1,	20161201,	2,	8,	0),
(8,	1,	20161201,	2,	8,	0),
(13,	1,	20161201,	2,	8,	0),
(12,	1,	20161201,	2,	8,	0),
(11,	1,	20161201,	2,	8,	0),
(10,	1,	20161201,	2,	8,	0),
(9,	1,	20161201,	2,	8,	0),

DROP TABLE IF EXISTS `xxx_post_content`;
CREATE TABLE `xxx_post_content` (
  `cid` int(10) unsigned NOT NULL AUTO_INCREMENT,
  `uid` int(10) unsigned NOT NULL,
  `content` varchar(1024) NOT NULL,
  PRIMARY KEY (`cid`)
) ENGINE=MyISAM DEFAULT CHARSET=utf8;


DROP TABLE IF EXISTS `xxx_post_log`;
CREATE TABLE `xxx_post_log` (
  `sid` int(10) unsigned NOT NULL,
  `uid` int(10) unsigned NOT NULL,
  `date` int(11) NOT NULL DEFAULT '20161231',
  `status` tinyint(4) NOT NULL DEFAULT '0',
  `retry` tinyint(3) unsigned NOT NULL DEFAULT '0',
  UNIQUE KEY `sid` (`sid`,`date`),
  KEY `uid` (`uid`)
) ENGINE=MyISAM DEFAULT CHARSET=utf8;

INSERT INTO `xxx_post_log` (`sid`, `uid`, `date`, `status`, `retry`) VALUES
(10,	1,	20161225,	10,	0),
(9,	1,	20161225,	10,	0),
(10,	1,	20161228,	10,	0),
(9,	1,	20161228,	10,	1),
(10,	1,	20161227,	10,	0),
(9,	1,	20161227,	10,	0),
(10,	1,	20161226,	10,	0),
(9,	1,	20161226,	10,	0),
(10,	1,	20161231,	10,	0),
(9,	1,	20161231,	10,	1),
(10,	1,	20161221,	10,	0),
(9,	1,	20161221,	10,	1),
(10,	1,	20161223,	10,	0),
(9,	1,	20161223,	10,	0),
(10,	1,	20161222,	10,	0),
(9,	1,	20161222,	10,	0),
(10,	1,	20161224,	10,	0),
(9,	1,	20161224,	10,	0),
(10,	1,	20161229,	10,	0),
(9,	1,	20161229,	10,	0);

DROP TABLE IF EXISTS `xxx_post_posts`;
CREATE TABLE `xxx_post_posts` (
  `sid` int(10) unsigned NOT NULL AUTO_INCREMENT,
  `uid` int(10) unsigned NOT NULL,
  `fid` int(10) unsigned NOT NULL,
  `tid` bigint(12) DEFAULT NULL,
  `name` varchar(127) NOT NULL,
  `unicode_name` varchar(512) NOT NULL,
  `post_name` varchar(127) NOT NULL,
  PRIMARY KEY (`sid`)
) ENGINE=MyISAM DEFAULT CHARSET=utf8;

INSERT INTO `xxx_post_posts` (`sid`, `uid`, `fid`, `tid`, `name`, `unicode_name`, `post_name`) VALUES
(9,	1,	12795568,	0,	'hilaolu',	'hilaolu',	'随机'),
(10,	1,	704824,	573940543,	'西大附中',	'%E8%A5%BF%E5%A4%A7%E9%99%84%E4%B8%AD',	'【水楼】附中吧HLL闪亮亮滴水楼');

DROP TABLE IF EXISTS `xxx_post_setting`;
CREATE TABLE `xxx_post_setting` (
  `uid` int(10) unsigned NOT NULL,
  `client_type` tinyint(1) NOT NULL DEFAULT '5',
  `frequency` tinyint(1) NOT NULL DEFAULT '2',
  `delay` tinyint(2) NOT NULL DEFAULT '1',
  `runtime` int(10) unsigned NOT NULL DEFAULT '0',
  `runtimes` int(5) unsigned NOT NULL DEFAULT '6',
  PRIMARY KEY (`uid`)
) ENGINE=MyISAM DEFAULT CHARSET=utf8;

INSERT INTO `xxx_post_setting` (`uid`, `client_type`, `frequency`, `delay`, `runtime`, `runtimes`) VALUES
(1,	2,	1,	6,	1483192784,	5),
(2,	3,	2,	6,	1470245381,	5),
(3,	3,	1,	1,	0,	6),
(4,	4,	1,	6,	1470245381,	5),
(5,	2,	1,	6,	1470245381,	5);

DROP TABLE IF EXISTS `zw_blockid_list`;
CREATE TABLE `zw_blockid_list` (
  `id` int(10) unsigned NOT NULL AUTO_INCREMENT,
  `uid` int(10) unsigned NOT NULL,
  `fid` int(10) unsigned NOT NULL,
  `blockid` varchar(20) NOT NULL,
  `tieba` varchar(200) NOT NULL,
  PRIMARY KEY (`id`),
  UNIQUE KEY `uid` (`uid`,`fid`,`blockid`,`tieba`)
) ENGINE=InnoDB DEFAULT CHARSET=utf8;


DROP TABLE IF EXISTS `zw_blockid_log`;
CREATE TABLE `zw_blockid_log` (
  `id` int(10) unsigned NOT NULL AUTO_INCREMENT,
  `uid` int(10) unsigned NOT NULL,
  `fid` int(8) NOT NULL,
  `tieba` varchar(200) NOT NULL,
  `blockid` varchar(100) NOT NULL,
  `date` int(11) NOT NULL DEFAULT '20161231',
  `status` tinyint(4) NOT NULL DEFAULT '0',
  `retry` int(1) NOT NULL,
  PRIMARY KEY (`id`)
) ENGINE=InnoDB DEFAULT CHARSET=utf8;


-- 2016-12-31 14:10:29
